Model,MAE,RMSE,R2
KNN Regressor,25.172589604093737,38.192202276153125,0.4972748739824554
Linear Regression,26.546769343352523,39.095096453185725,0.47322425995168704
Decision Tree,26.66650486863984,40.11180458940923,0.44546930613793534
