Model,MAE,RMSE,R2
KNN Regressor,25.172589604093737,38.192202276153125,0.4972748739824554
Linear Regression,26.54645580327095,39.09488369759673,0.47322999336523797
Decision Tree,26.66650486863984,40.11180458940923,0.44546930613793534
